FID,type,admin,adm0_a3,name_long,abbrev,postal,formal_en,name_sort,pop_est,gdp_md_est,lastcensus,economy,income_grp,iso_n3,continent,region_un,subregion,region_wb
0,Country,Aruba,ABW,Aruba,Aruba,AW,Aruba,Aruba,103065,2258,2010,6. Developing region,2. High income: nonOECD,533,North America,Americas,Caribbean,Latin America & Caribbean
1,Sovereign country,Afghanistan,AFG,Afghanistan,Afg.,AF,Islamic State of Afghanistan,Afghanistan,28400000,22270,1979,7. Least developed region,5. Low income,004,Asia,Asia,Southern Asia,South Asia
2,Sovereign country,Angola,AGO,Angola,Ang.,AO,People's Republic of Angola,Angola,12799293,110300,1970,7. Least developed region,3. Upper middle income,024,Africa,Africa,Middle Africa,Sub-Saharan Africa
3,Sovereign country,Albania,ALB,Albania,Alb.,AL,Republic of Albania,Albania,3639453,21810,2001,6. Developing region,4. Lower middle income,008,Europe,Europe,Southern Europe,Europe & Central Asia
4,Sovereign country,Andorra,AND,Andorra,And.,AND,Principality of Andorra,Andorra,83888,3660,1989,2. Developed region: nonG7,2. High income: nonOECD,020,Europe,Europe,Southern Europe,Europe & Central Asia
5,Sovereign country,United Arab Emirates,ARE,United Arab Emirates,U.A.E.,AE,United Arab Emirates,United Arab Emirates,4798491,184300,2010,6. Developing region,2. High income: nonOECD,784,Asia,Asia,Western Asia,Middle East & North Africa
6,Sovereign country,Argentina,ARG,Argentina,Arg.,AR,Argentine Republic,Argentina,40913584,573900,2010,5. Emerging region: G20,3. Upper middle income,032,South America,Americas,South America,Latin America & Caribbean
7,Sovereign country,Armenia,ARM,Armenia,Arm.,ARM,Republic of Armenia,Armenia,2967004,18770,2001,6. Developing region,4. Lower middle income,051,Asia,Asia,Western Asia,Europe & Central Asia
8,Dependency,American Samoa,ASM,American Samoa,Am. Samoa,AS,American Samoa,American Samoa,65628,575.3,2010,6. Developing region,3. Upper middle income,016,Oceania,Oceania,Polynesia,East Asia & Pacific
9,Sovereign country,Antigua and Barbuda,ATG,Antigua and Barbuda,Ant.B.,AG,Antigua and Barbuda,Antigua and Barbuda,85632,1657,2011,6. Developing region,3. Upper middle income,028,North America,Americas,Caribbean,Latin America & Caribbean
10,Country,Australia,AUS,Australia,Auz.,AU,Commonwealth of Australia,Australia,21262641,800200,2006,2. Developed region: nonG7,1. High income: OECD,036,Oceania,Oceania,Australia and New Zealand,East Asia & Pacific
11,Sovereign country,Austria,AUT,Austria,Aust.,A,Republic of Austria,Austria,8210281,329500,2011,2. Developed region: nonG7,1. High income: OECD,040,Europe,Europe,Western Europe,Europe & Central Asia
12,Sovereign country,Azerbaijan,AZE,Azerbaijan,Aze.,AZ,Republic of Azerbaijan,Azerbaijan,8238672,77610,2009,6. Developing region,3. Upper middle income,031,Asia,Asia,Western Asia,Europe & Central Asia
13,Sovereign country,Burundi,BDI,Burundi,Bur.,BI,Republic of Burundi,Burundi,8988091,3102,2008,7. Least developed region,5. Low income,108,Africa,Africa,Eastern Africa,Sub-Saharan Africa
14,Sovereign country,Belgium,BEL,Belgium,Belg.,B,Kingdom of Belgium,Belgium,10414336,389300,2011,2. Developed region: nonG7,1. High income: OECD,056,Europe,Europe,Western Europe,Europe & Central Asia
15,Sovereign country,Benin,BEN,Benin,Benin,BJ,Republic of Benin,Benin,8791832,12830,2002,7. Least developed region,5. Low income,204,Africa,Africa,Western Africa,Sub-Saharan Africa
16,Sovereign country,Burkina Faso,BFA,Burkina Faso,B.F.,BF,Burkina Faso,Burkina Faso,15746232,17820,2006,7. Least developed region,5. Low income,854,Africa,Africa,Western Africa,Sub-Saharan Africa
17,Sovereign country,Bangladesh,BGD,Bangladesh,Bang.,BD,People's Republic of Bangladesh,Bangladesh,156050883,224000,2011,7. Least developed region,5. Low income,050,Asia,Asia,Southern Asia,South Asia
18,Sovereign country,Bulgaria,BGR,Bulgaria,Bulg.,BG,Republic of Bulgaria,Bulgaria,7204687,93750,2011,2. Developed region: nonG7,3. Upper middle income,100,Europe,Europe,Eastern Europe,Europe & Central Asia
19,Sovereign country,Bahrain,BHR,Bahrain,Bahr.,BH,Kingdom of Bahrain,Bahrain,727785,26820,2010,6. Developing region,2. High income: nonOECD,048,Asia,Asia,Western Asia,Middle East & North Africa
20,Sovereign country,The Bahamas,BHS,Bahamas,Bhs.,BS,Commonwealth of the Bahamas,"Bahamas, The",309156,9093,2010,6. Developing region,2. High income: nonOECD,044,North America,Americas,Caribbean,Latin America & Caribbean
21,Sovereign country,Bosnia and Herzegovina,BIH,Bosnia and Herzegovina,B.H.,BiH,Bosnia and Herzegovina,Bosnia and Herzegovina,4613414,29700,1991,6. Developing region,3. Upper middle income,070,Europe,Europe,Southern Europe,Europe & Central Asia
22,Sovereign country,Belarus,BLR,Belarus,Bela.,BY,Republic of Belarus,Belarus,9648533,114100,2009,6. Developing region,3. Upper middle income,112,Europe,Europe,Eastern Europe,Europe & Central Asia
23,Sovereign country,Belize,BLZ,Belize,Belize,BZ,Belize,Belize,307899,2536,2010,6. Developing region,4. Lower middle income,084,North America,Americas,Central America,Latin America & Caribbean
24,Dependency,Bermuda,BMU,Bermuda,Berm.,BM,The Bermudas or Somers Isles,Bermuda,67837,4500,2010,2. Developed region: nonG7,2. High income: nonOECD,060,North America,Americas,Northern America,North America
25,Sovereign country,Bolivia,BOL,Bolivia,Bolivia,BO,Plurinational State of Bolivia,Bolivia,9775246,43270,2001,5. Emerging region: G20,4. Lower middle income,068,South America,Americas,South America,Latin America & Caribbean
26,Sovereign country,Brazil,BRA,Brazil,Brazil,BR,Federative Republic of Brazil,Brazil,198739269,1993000,2010,3. Emerging region: BRIC,3. Upper middle income,076,South America,Americas,South America,Latin America & Caribbean
27,Sovereign country,Barbados,BRB,Barbados,Barb.,BB,Barbados,Barbados,284589,5425,2010,6. Developing region,2. High income: nonOECD,052,North America,Americas,Caribbean,Latin America & Caribbean
28,Sovereign country,Brunei,BRN,Brunei Darussalam,Brunei,BN,Negara Brunei Darussalam,Brunei,388190,20250,2001,6. Developing region,2. High income: nonOECD,096,Asia,Asia,South-Eastern Asia,East Asia & Pacific
29,Sovereign country,Bhutan,BTN,Bhutan,Bhutan,BT,Kingdom of Bhutan,Bhutan,691141,3524,2005,7. Least developed region,4. Lower middle income,064,Asia,Asia,Southern Asia,South Asia
30,Sovereign country,Botswana,BWA,Botswana,Bwa.,BW,Republic of Botswana,Botswana,1990876,27060,2011,6. Developing region,3. Upper middle income,072,Africa,Africa,Southern Africa,Sub-Saharan Africa
31,Sovereign country,Central African Republic,CAF,Central African Republic,C.A.R.,CF,Central African Republic,Central African Republic,4511488,3198,2003,7. Least developed region,5. Low income,140,Africa,Africa,Middle Africa,Sub-Saharan Africa
32,Sovereign country,Canada,CAN,Canada,Can.,CA,Canada,Canada,33487208,1300000,2011,1. Developed region: G7,1. High income: OECD,124,North America,Americas,Northern America,North America
33,Sovereign country,Switzerland,CHE,Switzerland,Switz.,CH,Swiss Confederation,Switzerland,7604467,316700,2010,2. Developed region: nonG7,1. High income: OECD,756,Europe,Europe,Western Europe,Europe & Central Asia
34,Sovereign country,Chile,CHL,Chile,Chile,CL,Republic of Chile,Chile,16601707,244500,2002,5. Emerging region: G20,3. Upper middle income,152,South America,Americas,South America,Latin America & Caribbean
35,Country,China,CHN,China,China,CN,People's Republic of China,China,1338612970,7973000,2010,3. Emerging region: BRIC,3. Upper middle income,156,Asia,Asia,Eastern Asia,East Asia & Pacific
36,Sovereign country,Ivory Coast,CIV,Côte d'Ivoire,I.C.,CI,Republic of Ivory Coast,Côte d'Ivoire,20617068,33850,1998,6. Developing region,4. Lower middle income,384,Africa,Africa,Western Africa,Sub-Saharan Africa
37,Sovereign country,Cameroon,CMR,Cameroon,Cam.,CM,Republic of Cameroon,Cameroon,18879301,42750,2005,6. Developing region,4. Lower middle income,120,Africa,Africa,Middle Africa,Sub-Saharan Africa
38,Sovereign country,Democratic Republic of the Congo,COD,Democratic Republic of the Congo,D.R.C.,DRC,Democratic Republic of the Congo,"Congo, Dem. Rep.",68692542,20640,1984,7. Least developed region,5. Low income,180,Africa,Africa,Middle Africa,Sub-Saharan Africa
39,Sovereign country,Republic of Congo,COG,Republic of Congo,Rep. Congo,CG,Republic of Congo,"Congo, Rep.",4012809,15350,2007,6. Developing region,4. Lower middle income,178,Africa,Africa,Middle Africa,Sub-Saharan Africa
40,Dependency,Cook Islands,COK,Cook Islands,Cook Is.,CK, ,Cook Islands,11870,183.2,-99,6. Developing region,3. Upper middle income,184,Oceania,Oceania,Polynesia,East Asia & Pacific
41,Sovereign country,Colombia,COL,Colombia,Col.,CO,Republic of Colombia,Colombia,45644023,395400,2006,6. Developing region,3. Upper middle income,170,South America,Americas,South America,Latin America & Caribbean
42,Sovereign country,Comoros,COM,Comoros,Com.,KM,Union of the Comoros,Comoros,752438,751.2,2003,7. Least developed region,5. Low income,174,Africa,Africa,Eastern Africa,Sub-Saharan Africa
43,Sovereign country,Cape Verde,CPV,Cape Verde,C.Vd.,CV,Republic of Cape Verde,Cape Verde,429474,1626,2010,6. Developing region,4. Lower middle income,132,Africa,Africa,Western Africa,Sub-Saharan Africa
44,Sovereign country,Costa Rica,CRI,Costa Rica,C.R.,CR,Republic of Costa Rica,Costa Rica,4253877,48320,2011,5. Emerging region: G20,3. Upper middle income,188,North America,Americas,Central America,Latin America & Caribbean
45,Sovereign country,Cuba,CUB,Cuba,Cuba,CU,Republic of Cuba,Cuba,11451652,108200,2002,5. Emerging region: G20,3. Upper middle income,192,North America,Americas,Caribbean,Latin America & Caribbean
46,Dependency,Cayman Islands,CYM,Cayman Islands,Cym. Is.,KY,Cayman Islands,Cayman Islands,49035,1939,2010,5. Emerging region: G20,2. High income: nonOECD,136,North America,Americas,Caribbean,Latin America & Caribbean
47,Sovereign country,Cyprus,CYP,Cyprus,Cyp.,CY,Republic of Cyprus,Cyprus,531640,22700,2001,6. Developing region,2. High income: nonOECD,196,Asia,Asia,Western Asia,Europe & Central Asia
48,Sovereign country,Czech Republic,CZE,Czech Republic,Cz. Rep.,CZ,Czech Republic,Czech Republic,10211904,265200,2011,2. Developed region: nonG7,1. High income: OECD,203,Europe,Europe,Eastern Europe,Europe & Central Asia
49,Sovereign country,Germany,DEU,Germany,Ger.,D,Federal Republic of Germany,Germany,82329758,2918000,2011,1. Developed region: G7,1. High income: OECD,276,Europe,Europe,Western Europe,Europe & Central Asia
50,Sovereign country,Djibouti,DJI,Djibouti,Dji.,DJ,Republic of Djibouti,Djibouti,516055,1885,2009,7. Least developed region,4. Lower middle income,262,Africa,Africa,Eastern Africa,Middle East & North Africa
51,Sovereign country,Dominica,DMA,Dominica,D'inca,DM,Commonwealth of Dominica,Dominica,72660,719.6,2011,6. Developing region,3. Upper middle income,212,North America,Americas,Caribbean,Latin America & Caribbean
52,Country,Denmark,DNK,Denmark,Den.,DK,Kingdom of Denmark,Denmark,5500510,203600,2011,2. Developed region: nonG7,1. High income: OECD,208,Europe,Europe,Northern Europe,Europe & Central Asia
53,Sovereign country,Dominican Republic,DOM,Dominican Republic,Dom. Rep.,DO,Dominican Republic,Dominican Republic,9650054,78000,2010,6. Developing region,3. Upper middle income,214,North America,Americas,Caribbean,Latin America & Caribbean
54,Sovereign country,Algeria,DZA,Algeria,Alg.,DZ,People's Democratic Republic of Algeria,Algeria,34178188,232900,2008,6. Developing region,3. Upper middle income,012,Africa,Africa,Northern Africa,Middle East & North Africa
55,Sovereign country,Ecuador,ECU,Ecuador,Ecu.,EC,Republic of Ecuador,Ecuador,14573101,107700,2010,6. Developing region,3. Upper middle income,218,South America,Americas,South America,Latin America & Caribbean
56,Sovereign country,Egypt,EGY,Egypt,Egypt,EG,Arab Republic of Egypt,"Egypt, Arab Rep.",83082869,443700,2006,5. Emerging region: G20,4. Lower middle income,818,Africa,Africa,Northern Africa,Middle East & North Africa
57,Sovereign country,Eritrea,ERI,Eritrea,Erit.,ER,State of Eritrea,Eritrea,5647168,3945,1984,7. Least developed region,5. Low income,232,Africa,Africa,Eastern Africa,Sub-Saharan Africa
58,Sovereign country,Spain,ESP,Spain,Sp.,E,Kingdom of Spain,Spain,40525002,1403000,2001,2. Developed region: nonG7,1. High income: OECD,724,Europe,Europe,Southern Europe,Europe & Central Asia
59,Sovereign country,Estonia,EST,Estonia,Est.,EST,Republic of Estonia,Estonia,1299371,27410,2000,2. Developed region: nonG7,1. High income: OECD,233,Europe,Europe,Northern Europe,Europe & Central Asia
60,Sovereign country,Ethiopia,ETH,Ethiopia,Eth.,ET,Federal Democratic Republic of Ethiopia,Ethiopia,85237338,68770,2007,7. Least developed region,5. Low income,231,Africa,Africa,Eastern Africa,Sub-Saharan Africa
61,Country,Finland,FIN,Finland,Fin.,FIN,Republic of Finland,Finland,5250275,193500,2010,2. Developed region: nonG7,1. High income: OECD,246,Europe,Europe,Northern Europe,Europe & Central Asia
62,Sovereign country,Fiji,FJI,Fiji,Fiji,FJ,Republic of Fiji,Fiji,944720,3579,2007,6. Developing region,4. Lower middle income,242,Oceania,Oceania,Melanesia,East Asia & Pacific
63,Country,France,FRA,France,Fr.,F,French Republic,France,64057792,2128000,-99,1. Developed region: G7,1. High income: OECD,250,Europe,Europe,Western Europe,Europe & Central Asia
64,Sovereign country,Federated States of Micronesia,FSM,Federated States of Micronesia,F.S.M.,FSM,Federated States of Micronesia,"Micronesia, Federated States of",107434,238.1,2000,6. Developing region,4. Lower middle income,583,Oceania,Oceania,Micronesia,East Asia & Pacific
65,Sovereign country,Gabon,GAB,Gabon,Gabon,GA,Gabonese Republic,Gabon,1514993,21110,2003,6. Developing region,3. Upper middle income,266,Africa,Africa,Middle Africa,Sub-Saharan Africa
66,Country,United Kingdom,GBR,United Kingdom,U.K.,GB,United Kingdom of Great Britain and Northern Ireland,United Kingdom,62262000,1977704,2011,1. Developed region: G7,1. High income: OECD,826,Europe,Europe,Northern Europe,Europe & Central Asia
67,Sovereign country,Georgia,GEO,Georgia,Geo.,GE,Georgia,Georgia,4615807,21510,2002,6. Developing region,4. Lower middle income,268,Asia,Asia,Western Asia,Europe & Central Asia
68,Sovereign country,Ghana,GHA,Ghana,Ghana,GH,Republic of Ghana,Ghana,23832495,34200,2010,6. Developing region,4. Lower middle income,288,Africa,Africa,Western Africa,Sub-Saharan Africa
69,Sovereign country,Guinea,GIN,Guinea,Gin.,GN,Republic of Guinea,Guinea,10057975,10600,1996,7. Least developed region,5. Low income,324,Africa,Africa,Western Africa,Sub-Saharan Africa
70,Sovereign country,Gambia,GMB,The Gambia,Gambia,GM,Republic of the Gambia,"Gambia, The",1782893,2272,2003,7. Least developed region,5. Low income,270,Africa,Africa,Western Africa,Sub-Saharan Africa
71,Sovereign country,Guinea Bissau,GNB,Guinea-Bissau,GnB.,GW,Republic of Guinea-Bissau,Guinea-Bissau,1533964,904.2,2009,7. Least developed region,5. Low income,624,Africa,Africa,Western Africa,Sub-Saharan Africa
72,Sovereign country,Equatorial Guinea,GNQ,Equatorial Guinea,Eq. G.,GQ,Republic of Equatorial Guinea,Equatorial Guinea,650702,14060,2002,7. Least developed region,2. High income: nonOECD,226,Africa,Africa,Middle Africa,Sub-Saharan Africa
73,Sovereign country,Greece,GRC,Greece,Greece,GR,Hellenic Republic,Greece,10737428,343000,2011,2. Developed region: nonG7,1. High income: OECD,300,Europe,Europe,Southern Europe,Europe & Central Asia
74,Sovereign country,Grenada,GRD,Grenada,Gren.,GD,Grenada,Grenada,90739,1161,2011,6. Developing region,3. Upper middle income,308,North America,Americas,Caribbean,Latin America & Caribbean
75,Sovereign country,Guatemala,GTM,Guatemala,Guat.,GT,Republic of Guatemala,Guatemala,13276517,68580,2002,6. Developing region,4. Lower middle income,320,North America,Americas,Central America,Latin America & Caribbean
76,Dependency,Guam,GUM,Guam,Guam,GU,Territory of Guam,Guam,178430,2500,2010,6. Developing region,2. High income: nonOECD,316,Oceania,Oceania,Micronesia,East Asia & Pacific
77,Sovereign country,Guyana,GUY,Guyana,Guy.,GY,Co-operative Republic of Guyana,Guyana,772298,2966,2002,6. Developing region,4. Lower middle income,328,South America,Americas,South America,Latin America & Caribbean
78,Country,Hong Kong S.A.R.,HKG,Hong Kong,H.K.,HK,"Hong Kong Special Administrative Region, PRC","Hong Kong SAR, China",7061200,351119,2006,6. Developing region,2. High income: nonOECD,344,Asia,Asia,Eastern Asia,East Asia & Pacific
79,Sovereign country,Honduras,HND,Honduras,Hond.,HN,Republic of Honduras,Honduras,7792854,33720,2001,6. Developing region,4. Lower middle income,340,North America,Americas,Central America,Latin America & Caribbean
80,Sovereign country,Croatia,HRV,Croatia,Cro.,HR,Republic of Croatia,Croatia,4489409,82390,2011,2. Developed region: nonG7,2. High income: nonOECD,191,Europe,Europe,Southern Europe,Europe & Central Asia
81,Sovereign country,Haiti,HTI,Haiti,Haiti,HT,Republic of Haiti,Haiti,9035536,11500,2003,7. Least developed region,5. Low income,332,North America,Americas,Caribbean,Latin America & Caribbean
82,Sovereign country,Hungary,HUN,Hungary,Hun.,HU,Republic of Hungary,Hungary,9905596,196600,2001,2. Developed region: nonG7,1. High income: OECD,348,Europe,Europe,Eastern Europe,Europe & Central Asia
83,Sovereign country,Indonesia,IDN,Indonesia,Indo.,INDO,Republic of Indonesia,Indonesia,240271522,914600,2010,4. Emerging region: MIKT,4. Lower middle income,360,Asia,Asia,South-Eastern Asia,East Asia & Pacific
84,Sovereign country,India,IND,India,India,IND,Republic of India,India,1166079220,3297000,2011,3. Emerging region: BRIC,4. Lower middle income,356,Asia,Asia,Southern Asia,South Asia
85,Sovereign country,Ireland,IRL,Ireland,Ire.,IRL,Ireland,Ireland,4203200,188400,2011,2. Developed region: nonG7,1. High income: OECD,372,Europe,Europe,Northern Europe,Europe & Central Asia
86,Sovereign country,Iran,IRN,Iran,Iran,IRN,Islamic Republic of Iran,"Iran, Islamic Rep.",66429284,841700,2006,5. Emerging region: G20,3. Upper middle income,364,Asia,Asia,Southern Asia,Middle East & North Africa
87,Sovereign country,Iraq,IRQ,Iraq,Iraq,IRQ,Republic of Iraq,Iraq,31129225,103900,1997,6. Developing region,4. Lower middle income,368,Asia,Asia,Western Asia,Middle East & North Africa
88,Sovereign country,Iceland,ISL,Iceland,Iceland,IS,Republic of Iceland,Iceland,306694,12710,-99,2. Developed region: nonG7,1. High income: OECD,352,Europe,Europe,Northern Europe,Europe & Central Asia
89,Sovereign country,Israel,ISR,Israel,Isr.,IS,State of Israel,Israel,7233701,201400,2009,2. Developed region: nonG7,1. High income: OECD,376,Asia,Asia,Western Asia,Middle East & North Africa
90,Sovereign country,Italy,ITA,Italy,Italy,I,Italian Republic,Italy,58126212,1823000,2012,1. Developed region: G7,1. High income: OECD,380,Europe,Europe,Southern Europe,Europe & Central Asia
91,Sovereign country,Jamaica,JAM,Jamaica,Jam.,J,Jamaica,Jamaica,2825928,20910,2011,6. Developing region,3. Upper middle income,388,North America,Americas,Caribbean,Latin America & Caribbean
92,Sovereign country,Jordan,JOR,Jordan,Jord.,J,Hashemite Kingdom of Jordan,Jordan,6342948,31610,2004,6. Developing region,3. Upper middle income,400,Asia,Asia,Western Asia,Middle East & North Africa
93,Sovereign country,Japan,JPN,Japan,Japan,J,Japan,Japan,127078679,4329000,2010,1. Developed region: G7,1. High income: OECD,392,Asia,Asia,Eastern Asia,East Asia & Pacific
94,Sovereign country,Kazakhstan,KAZ,Kazakhstan,Kaz.,KZ,Republic of Kazakhstan,Kazakhstan,15399437,175800,2009,6. Developing region,3. Upper middle income,398,Asia,Asia,Central Asia,Europe & Central Asia
95,Sovereign country,Kenya,KEN,Kenya,Ken.,KE,Republic of Kenya,Kenya,39002772,61510,2009,5. Emerging region: G20,5. Low income,404,Africa,Africa,Eastern Africa,Sub-Saharan Africa
96,Sovereign country,Kyrgyzstan,KGZ,Kyrgyzstan,Kgz.,KG,Kyrgyz Republic,Kyrgyz Republic,5431747,11610,2009,6. Developing region,5. Low income,417,Asia,Asia,Central Asia,Europe & Central Asia
97,Sovereign country,Cambodia,KHM,Cambodia,Camb.,KH,Kingdom of Cambodia,Cambodia,14494293,27940,2008,7. Least developed region,5. Low income,116,Asia,Asia,South-Eastern Asia,East Asia & Pacific
98,Sovereign country,Kiribati,KIR,Kiribati,Kir.,KI,Republic of Kiribati,Kiribati,112850,579.5,2005,7. Least developed region,4. Lower middle income,296,Oceania,Oceania,Micronesia,East Asia & Pacific
99,Sovereign country,Saint Kitts and Nevis,KNA,Saint Kitts and Nevis,St.K.N.,KN,Federation of Saint Kitts and Nevis,St. Kitts and Nevis,40131,777.7,2011,6. Developing region,2. High income: nonOECD,659,North America,Americas,Caribbean,Latin America & Caribbean
100,Sovereign country,South Korea,KOR,Republic of Korea,S.K.,KR,Republic of Korea,"Korea, Rep.",48508972,1335000,2010,4. Emerging region: MIKT,1. High income: OECD,410,Asia,Asia,Eastern Asia,East Asia & Pacific
101,Sovereign country,Kosovo,KOS,Kosovo,Kos.,KO,Republic of Kosovo,Kosovo,1804838,5352,1981,6. Developing region,4. Lower middle income,-99,Europe,Europe,Southern Europe,Europe & Central Asia
102,Sovereign country,Kuwait,KWT,Kuwait,Kwt.,KW,State of Kuwait,Kuwait,2691158,149100,2010,6. Developing region,2. High income: nonOECD,414,Asia,Asia,Western Asia,Middle East & North Africa
103,Sovereign country,Laos,LAO,Lao PDR,Laos,LA,Lao People's Democratic Republic,Lao PDR,6834942,13980,2005,7. Least developed region,4. Lower middle income,418,Asia,Asia,South-Eastern Asia,East Asia & Pacific
104,Sovereign country,Lebanon,LBN,Lebanon,Leb.,LB,Lebanese Republic,Lebanon,4017095,44060,1970,6. Developing region,3. Upper middle income,422,Asia,Asia,Western Asia,Middle East & North Africa
105,Sovereign country,Liberia,LBR,Liberia,Liberia,LR,Republic of Liberia,Liberia,3441790,1526,2008,7. Least developed region,5. Low income,430,Africa,Africa,Western Africa,Sub-Saharan Africa
106,Sovereign country,Libya,LBY,Libya,Libya,LY,Libya,Libya,6310434,88830,2006,6. Developing region,3. Upper middle income,434,Africa,Africa,Northern Africa,Middle East & North Africa
107,Sovereign country,Saint Lucia,LCA,Saint Lucia,S.L.,LC,Saint Lucia,St. Lucia,160267,1778,2010,6. Developing region,3. Upper middle income,662,North America,Americas,Caribbean,Latin America & Caribbean
108,Sovereign country,Liechtenstein,LIE,Liechtenstein,Liech.,FL,Principality of Liechtenstein,Liechtenstein,34761,4160,2010,2. Developed region: nonG7,2. High income: nonOECD,438,Europe,Europe,Western Europe,Europe & Central Asia
109,Sovereign country,Sri Lanka,LKA,Sri Lanka,Sri L.,LK,Democratic Socialist Republic of Sri Lanka,Sri Lanka,21324791,91870,2001,6. Developing region,4. Lower middle income,144,Asia,Asia,Southern Asia,South Asia
110,Sovereign country,Lesotho,LSO,Lesotho,Les.,LS,Kingdom of Lesotho,Lesotho,2130819,3293,2006,7. Least developed region,4. Lower middle income,426,Africa,Africa,Southern Africa,Sub-Saharan Africa
111,Sovereign country,Lithuania,LTU,Lithuania,Lith.,LT,Republic of Lithuania,Lithuania,3555179,63330,2011,2. Developed region: nonG7,3. Upper middle income,440,Europe,Europe,Northern Europe,Europe & Central Asia
112,Sovereign country,Luxembourg,LUX,Luxembourg,Lux.,L,Grand Duchy of Luxembourg,Luxembourg,491775,39370,2011,2. Developed region: nonG7,1. High income: OECD,442,Europe,Europe,Western Europe,Europe & Central Asia
113,Sovereign country,Latvia,LVA,Latvia,Lat.,LV,Republic of Latvia,Latvia,2231503,38860,2011,2. Developed region: nonG7,3. Upper middle income,428,Europe,Europe,Northern Europe,Europe & Central Asia
114,Country,Macao S.A.R,MAC,Macao,Mac.,MO,"Macao Special Administrative Region, PRC","Macao SAR, China",559846,18140,2011,6. Developing region,2. High income: nonOECD,446,Asia,Asia,Eastern Asia,East Asia & Pacific
115,Sovereign country,Morocco,MAR,Morocco,Mor.,MA,Kingdom of Morocco,Morocco,34859364,136600,2004,6. Developing region,4. Lower middle income,504,Africa,Africa,Northern Africa,Middle East & North Africa
116,Sovereign country,Monaco,MCO,Monaco,Mco.,MC,Principality of Monaco,Monaco,32965,976.3,2008,2. Developed region: nonG7,2. High income: nonOECD,492,Europe,Europe,Western Europe,Europe & Central Asia
117,Sovereign country,Moldova,MDA,Moldova,Mda.,MD,Republic of Moldova,Moldova,4320748,10670,2004,6. Developing region,4. Lower middle income,498,Europe,Europe,Eastern Europe,Europe & Central Asia
118,Sovereign country,Madagascar,MDG,Madagascar,Mad.,MG,Republic of Madagascar,Madagascar,20653556,20130,1993,7. Least developed region,5. Low income,450,Africa,Africa,Eastern Africa,Sub-Saharan Africa
119,Sovereign country,Maldives,MDV,Maldives,Mald.,MV,Republic of Maldives,Maldives,396334,1716,2011,6. Developing region,3. Upper middle income,462,Seven seas (open ocean),Asia,Southern Asia,South Asia
120,Sovereign country,Mexico,MEX,Mexico,Mex.,MX,United Mexican States,Mexico,111211789,1563000,2010,4. Emerging region: MIKT,3. Upper middle income,484,North America,Americas,Central America,Latin America & Caribbean
121,Sovereign country,Marshall Islands,MHL,Marshall Islands,M. Is.,MH,Republic of the Marshall Islands,Marshall Islands,64522,133.5,2011,6. Developing region,4. Lower middle income,584,Oceania,Oceania,Micronesia,East Asia & Pacific
122,Sovereign country,Macedonia,MKD,Macedonia,Mkd.,MK,Former Yugoslav Republic of Macedonia,"Macedonia, FYR",2066718,18780,2010,6. Developing region,3. Upper middle income,807,Europe,Europe,Southern Europe,Europe & Central Asia
123,Sovereign country,Mali,MLI,Mali,Mali,ML,Republic of Mali,Mali,12666987,14590,2009,7. Least developed region,5. Low income,466,Africa,Africa,Western Africa,Sub-Saharan Africa
124,Sovereign country,Malta,MLT,Malta,Malta,M,Republic of Malta,Malta,405165,9962,2005,2. Developed region: nonG7,2. High income: nonOECD,470,Europe,Europe,Southern Europe,Middle East & North Africa
125,Sovereign country,Myanmar,MMR,Myanmar,Myan.,MM,Republic of the Union of Myanmar,Myanmar,48137741,55130,1983,7. Least developed region,5. Low income,104,Asia,Asia,South-Eastern Asia,East Asia & Pacific
126,Sovereign country,Montenegro,MNE,Montenegro,Mont.,ME,Montenegro,Montenegro,672180,6816,2011,6. Developing region,3. Upper middle income,499,Europe,Europe,Southern Europe,Europe & Central Asia
127,Sovereign country,Mongolia,MNG,Mongolia,Mong.,MN,Mongolia,Mongolia,3041142,9476,2010,6. Developing region,4. Lower middle income,496,Asia,Asia,Eastern Asia,East Asia & Pacific
128,Sovereign country,Mozambique,MOZ,Mozambique,Moz.,MZ,Republic of Mozambique,Mozambique,21669278,18940,2007,7. Least developed region,5. Low income,508,Africa,Africa,Eastern Africa,Sub-Saharan Africa
129,Sovereign country,Mauritania,MRT,Mauritania,Mrt.,MR,Islamic Republic of Mauritania,Mauritania,3129486,6308,2000,7. Least developed region,5. Low income,478,Africa,Africa,Western Africa,Sub-Saharan Africa
130,Sovereign country,Mauritius,MUS,Mauritius,Mus.,MU,Republic of Mauritius,Mauritius,1284264,15270,2011,6. Developing region,3. Upper middle income,480,Seven seas (open ocean),Africa,Eastern Africa,Sub-Saharan Africa
131,Sovereign country,Malawi,MWI,Malawi,Mal.,MW,Republic of Malawi,Malawi,14268711,11810,2008,7. Least developed region,5. Low income,454,Africa,Africa,Eastern Africa,Sub-Saharan Africa
132,Sovereign country,Malaysia,MYS,Malaysia,Malay.,MY,Malaysia,Malaysia,25715819,384300,2010,6. Developing region,3. Upper middle income,458,Asia,Asia,South-Eastern Asia,East Asia & Pacific
133,Sovereign country,Namibia,NAM,Namibia,Nam.,NA,Republic of Namibia,Namibia,2108665,13250,2001,6. Developing region,3. Upper middle income,516,Africa,Africa,Southern Africa,Sub-Saharan Africa
134,Sovereign country,Niger,NER,Niger,Niger,NE,Republic of Niger,Niger,15306252,10040,2001,7. Least developed region,5. Low income,562,Africa,Africa,Western Africa,Sub-Saharan Africa
135,Sovereign country,Nigeria,NGA,Nigeria,Nigeria,NG,Federal Republic of Nigeria,Nigeria,149229090,335400,2006,5. Emerging region: G20,4. Lower middle income,566,Africa,Africa,Western Africa,Sub-Saharan Africa
136,Sovereign country,Nicaragua,NIC,Nicaragua,Nic.,NI,Republic of Nicaragua,Nicaragua,5891199,16790,2005,6. Developing region,4. Lower middle income,558,North America,Americas,Central America,Latin America & Caribbean
137,Country,Netherlands,NLD,Netherlands,Neth.,NL,Kingdom of the Netherlands,Netherlands,16715999,672000,2011,2. Developed region: nonG7,1. High income: OECD,528,Europe,Europe,Western Europe,Europe & Central Asia
138,Sovereign country,Norway,NOR,Norway,Nor.,N,Kingdom of Norway,Norway,4676305,276400,2001,2. Developed region: nonG7,1. High income: OECD,578,Europe,Europe,Northern Europe,Europe & Central Asia
139,Sovereign country,Nepal,NPL,Nepal,Nepal,NP,Nepal,Nepal,28563377,31080,2001,7. Least developed region,5. Low income,524,Asia,Asia,Southern Asia,South Asia
140,Sovereign country,Nauru,NRU,Nauru,Nauru,NR,Republic of Nauru,Nauru,14019,60,-99,6. Developing region,4. Lower middle income,520,Oceania,Oceania,Micronesia,East Asia & Pacific
141,Country,New Zealand,NZL,New Zealand,N.Z.,NZ,New Zealand,New Zealand,4213418,116700,2006,2. Developed region: nonG7,1. High income: OECD,554,Oceania,Oceania,Australia and New Zealand,East Asia & Pacific
142,Sovereign country,Oman,OMN,Oman,Oman,OM,Sultanate of Oman,Oman,3418085,66980,2010,6. Developing region,2. High income: nonOECD,512,Asia,Asia,Western Asia,Middle East & North Africa
143,Sovereign country,Pakistan,PAK,Pakistan,Pak.,PK,Islamic Republic of Pakistan,Pakistan,176242949,427300,1998,5. Emerging region: G20,4. Lower middle income,586,Asia,Asia,Southern Asia,South Asia
144,Sovereign country,Panama,PAN,Panama,Pan.,PA,Republic of Panama,Panama,3360474,38830,2010,6. Developing region,3. Upper middle income,591,North America,Americas,Central America,Latin America & Caribbean
145,Sovereign country,Peru,PER,Peru,Peru,PE,Republic of Peru,Peru,29546963,247300,2007,5. Emerging region: G20,3. Upper middle income,604,South America,Americas,South America,Latin America & Caribbean
146,Sovereign country,Philippines,PHL,Philippines,Phil.,PH,Republic of the Philippines,Philippines,97976603,317500,2010,5. Emerging region: G20,4. Lower middle income,608,Asia,Asia,South-Eastern Asia,East Asia & Pacific
147,Sovereign country,Palau,PLW,Palau,Palau,PW,Republic of Palau,Palau,20796,164,2010,6. Developing region,3. Upper middle income,585,Oceania,Oceania,Micronesia,East Asia & Pacific
148,Sovereign country,Papua New Guinea,PNG,Papua New Guinea,P.N.G.,PG,Independent State of Papua New Guinea,Papua New Guinea,6057263,13210,2000,6. Developing region,4. Lower middle income,598,Oceania,Oceania,Melanesia,East Asia & Pacific
149,Sovereign country,Poland,POL,Poland,Pol.,PL,Republic of Poland,Poland,38482919,667900,2011,2. Developed region: nonG7,1. High income: OECD,616,Europe,Europe,Eastern Europe,Europe & Central Asia
150,Dependency,Puerto Rico,PRI,Puerto Rico,P.R.,PR,Commonwealth of Puerto Rico,Puerto Rico,3971020,70230,2010,6. Developing region,2. High income: nonOECD,630,North America,Americas,Caribbean,Latin America & Caribbean
151,Sovereign country,North Korea,PRK,Dem. Rep. Korea,N.K.,KP,Democratic People's Republic of Korea,"Korea, Dem. Rep.",22665345,40000,2009,7. Least developed region,5. Low income,408,Asia,Asia,Eastern Asia,East Asia & Pacific
152,Sovereign country,Portugal,PRT,Portugal,Port.,P,Portuguese Republic,Portugal,10707924,208627,2011,2. Developed region: nonG7,1. High income: OECD,620,Europe,Europe,Southern Europe,Europe & Central Asia
153,Sovereign country,Paraguay,PRY,Paraguay,Para.,PY,Republic of Paraguay,Paraguay,6995655,28890,2002,5. Emerging region: G20,4. Lower middle income,600,South America,Americas,South America,Latin America & Caribbean
154,Sovereign country,Qatar,QAT,Qatar,Qatar,QA,State of Qatar,Qatar,833285,91330,2010,6. Developing region,2. High income: nonOECD,634,Asia,Asia,Western Asia,Middle East & North Africa
155,Sovereign country,Romania,ROU,Romania,Rom.,RO,Romania,Romania,22215421,271400,2011,2. Developed region: nonG7,3. Upper middle income,642,Europe,Europe,Eastern Europe,Europe & Central Asia
156,Sovereign country,Russia,RUS,Russian Federation,Rus.,RUS,Russian Federation,Russian Federation,140041247,2266000,2010,3. Emerging region: BRIC,3. Upper middle income,643,Europe,Europe,Eastern Europe,Europe & Central Asia
157,Sovereign country,Rwanda,RWA,Rwanda,Rwa.,RW,Republic of Rwanda,Rwanda,10473282,9706,2002,7. Least developed region,5. Low income,646,Africa,Africa,Eastern Africa,Sub-Saharan Africa
158,Sovereign country,Saudi Arabia,SAU,Saudi Arabia,Saud.,SA,Kingdom of Saudi Arabia,Saudi Arabia,28686633,576500,2010,2. Developed region: nonG7,2. High income: nonOECD,682,Asia,Asia,Western Asia,Middle East & North Africa
159,Sovereign country,Sudan,SDN,Sudan,Sudan,SD,Republic of the Sudan,Sudan,25946220,88080,2008,6. Developing region,4. Lower middle income,729,Africa,Africa,Northern Africa,Sub-Saharan Africa
160,Sovereign country,South Sudan,SDS,South Sudan,S. Sud.,SS,Republic of South Sudan,South Sudan,10625176,13227,2008,7. Least developed region,5. Low income,728,Africa,Africa,Eastern Africa,Sub-Saharan Africa
161,Sovereign country,Senegal,SEN,Senegal,Sen.,SN,Republic of Senegal,Senegal,13711597,21980,2002,7. Least developed region,4. Lower middle income,686,Africa,Africa,Western Africa,Sub-Saharan Africa
162,Sovereign country,Singapore,SGP,Singapore,Sing.,SG,Republic of Singapore,Singapore,4657542,237300,2010,6. Developing region,2. High income: nonOECD,702,Asia,Asia,South-Eastern Asia,East Asia & Pacific
163,Sovereign country,Solomon Islands,SLB,Solomon Islands,S. Is.,SB, ,Solomon Islands,595613,1078,2009,7. Least developed region,4. Lower middle income,090,Oceania,Oceania,Melanesia,East Asia & Pacific
164,Sovereign country,Sierra Leone,SLE,Sierra Leone,S.L.,SL,Republic of Sierra Leone,Sierra Leone,6440053,4285,2004,7. Least developed region,5. Low income,694,Africa,Africa,Western Africa,Sub-Saharan Africa
165,Sovereign country,El Salvador,SLV,El Salvador,El. S.,SV,Republic of El Salvador,El Salvador,7185218,43630,2007,6. Developing region,4. Lower middle income,222,North America,Americas,Central America,Latin America & Caribbean
166,Sovereign country,San Marino,SMR,San Marino,S.M.,RSM,Republic of San Marino,San Marino,30324,1662,2010,2. Developed region: nonG7,2. High income: nonOECD,674,Europe,Europe,Southern Europe,Europe & Central Asia
167,Sovereign country,Somalia,SOM,Somalia,Som.,SO,Federal Republic of Somalia,Somalia,9832017,5524,1987,7. Least developed region,5. Low income,706,Africa,Africa,Eastern Africa,Sub-Saharan Africa
168,Sovereign country,Republic of Serbia,SRB,Serbia,Serb.,RS,Republic of Serbia,Serbia,7379339,80340,2011,6. Developing region,3. Upper middle income,688,Europe,Europe,Southern Europe,Europe & Central Asia
169,Sovereign country,Sao Tome and Principe,STP,São Tomé and Principe,S.T.P.,ST,Democratic Republic of São Tomé and Principe,São Tomé and Principe,212679,276.5,2001,7. Least developed region,4. Lower middle income,678,Africa,Africa,Middle Africa,Sub-Saharan Africa
170,Sovereign country,Suriname,SUR,Suriname,Sur.,SR,Republic of Suriname,Suriname,481267,4254,2004,6. Developing region,3. Upper middle income,740,South America,Americas,South America,Latin America & Caribbean
171,Sovereign country,Slovakia,SVK,Slovakia,Svk.,SK,Slovak Republic,Slovak Republic,5463046,119500,2011,2. Developed region: nonG7,1. High income: OECD,703,Europe,Europe,Eastern Europe,Europe & Central Asia
172,Sovereign country,Slovenia,SVN,Slovenia,Slo.,SLO,Republic of Slovenia,Slovenia,2005692,59340,2011,2. Developed region: nonG7,1. High income: OECD,705,Europe,Europe,Southern Europe,Europe & Central Asia
173,Sovereign country,Sweden,SWE,Sweden,Swe.,S,Kingdom of Sweden,Sweden,9059651,344300,-99,2. Developed region: nonG7,1. High income: OECD,752,Europe,Europe,Northern Europe,Europe & Central Asia
174,Sovereign country,Swaziland,SWZ,Swaziland,Swz.,SW,Kingdom of Swaziland,Swaziland,1123913,5702,2007,6. Developing region,4. Lower middle income,748,Africa,Africa,Southern Africa,Sub-Saharan Africa
175,Sovereign country,Seychelles,SYC,Seychelles,Syc.,SC,Republic of Seychelles,Seychelles,87476,1715,2010,6. Developing region,3. Upper middle income,690,Seven seas (open ocean),Africa,Eastern Africa,Sub-Saharan Africa
176,Sovereign country,Syria,SYR,Syria,Syria,SYR,Syrian Arab Republic,Syrian Arab Republic,20178485,98830,2004,6. Developing region,4. Lower middle income,760,Asia,Asia,Western Asia,Middle East & North Africa
177,Sovereign country,Chad,TCD,Chad,Chad,TD,Republic of Chad,Chad,10329208,15860,2009,7. Least developed region,5. Low income,148,Africa,Africa,Middle Africa,Sub-Saharan Africa
178,Sovereign country,Togo,TGO,Togo,Togo,TG,Togolese Republic,Togo,6019877,5118,2010,7. Least developed region,5. Low income,768,Africa,Africa,Western Africa,Sub-Saharan Africa
179,Sovereign country,Thailand,THA,Thailand,Thai.,TH,Kingdom of Thailand,Thailand,65905410,547400,2010,5. Emerging region: G20,3. Upper middle income,764,Asia,Asia,South-Eastern Asia,East Asia & Pacific
180,Sovereign country,Tajikistan,TJK,Tajikistan,Tjk.,TJ,Republic of Tajikistan,Tajikistan,7349145,13160,2010,6. Developing region,5. Low income,762,Asia,Asia,Central Asia,Europe & Central Asia
181,Sovereign country,Turkmenistan,TKM,Turkmenistan,Turkm.,TM,Turkmenistan,Turkmenistan,4884887,29780,1995,6. Developing region,3. Upper middle income,795,Asia,Asia,Central Asia,Europe & Central Asia
182,Sovereign country,East Timor,TLS,Timor-Leste,T.L.,TL,Democratic Republic of Timor-Leste,Timor-Leste,1131612,2520,2010,7. Least developed region,4. Lower middle income,626,Asia,Asia,South-Eastern Asia,East Asia & Pacific
183,Sovereign country,Tonga,TON,Tonga,Tongo,TO,Kingdom of Tonga,Tonga,120898,549,2006,6. Developing region,4. Lower middle income,776,Oceania,Oceania,Polynesia,East Asia & Pacific
184,Sovereign country,Trinidad and Tobago,TTO,Trinidad and Tobago,Tr.T.,TT,Republic of Trinidad and Tobago,Trinidad and Tobago,1310000,29010,2011,6. Developing region,2. High income: nonOECD,780,North America,Americas,Caribbean,Latin America & Caribbean
185,Sovereign country,Tunisia,TUN,Tunisia,Tun.,TN,Republic of Tunisia,Tunisia,10486339,81710,2004,6. Developing region,3. Upper middle income,788,Africa,Africa,Northern Africa,Middle East & North Africa
186,Sovereign country,Turkey,TUR,Turkey,Tur.,TR,Republic of Turkey,Turkey,76805524,902700,2000,4. Emerging region: MIKT,3. Upper middle income,792,Asia,Asia,Western Asia,Europe & Central Asia
187,Sovereign country,Taiwan,TWN,Taiwan,Taiwan,TW, ,Taiwan,22974347,712000,-99,2. Developed region: nonG7,2. High income: nonOECD,158,Asia,Asia,Eastern Asia,East Asia & Pacific
188,Sovereign country,United Republic of Tanzania,TZA,Tanzania,Tanz.,TZ,United Republic of Tanzania,Tanzania,41048532,54250,2002,7. Least developed region,5. Low income,834,Africa,Africa,Eastern Africa,Sub-Saharan Africa
189,Sovereign country,Uganda,UGA,Uganda,Uga.,UG,Republic of Uganda,Uganda,32369558,39380,2002,7. Least developed region,5. Low income,800,Africa,Africa,Eastern Africa,Sub-Saharan Africa
190,Sovereign country,Ukraine,UKR,Ukraine,Ukr.,UA,Ukraine,Ukraine,45700395,339800,2001,6. Developing region,4. Lower middle income,804,Europe,Europe,Eastern Europe,Europe & Central Asia
191,Sovereign country,Uruguay,URY,Uruguay,Ury.,UY,Oriental Republic of Uruguay,Uruguay,3494382,43160,2004,5. Emerging region: G20,3. Upper middle income,858,South America,Americas,South America,Latin America & Caribbean
192,Country,United States of America,USA,United States,U.S.A.,US,United States of America,United States of America,313973000,15094000,2010,1. Developed region: G7,1. High income: OECD,840,North America,Americas,Northern America,North America
193,Sovereign country,Uzbekistan,UZB,Uzbekistan,Uzb.,UZ,Republic of Uzbekistan,Uzbekistan,27606007,71670,1989,6. Developing region,4. Lower middle income,860,Asia,Asia,Central Asia,Europe & Central Asia
194,Sovereign country,Vatican,VAT,Vatican,Vat.,V,State of the Vatican City,Vatican (Holy Sea),832,355,-99,2. Developed region: nonG7,2. High income: nonOECD,336,Europe,Europe,Southern Europe,Europe & Central Asia
195,Sovereign country,Saint Vincent and the Grenadines,VCT,Saint Vincent and the Grenadines,St.V.G.,VC,Saint Vincent and the Grenadines,St. Vincent and the Grenadines,104574,1070,2011,6. Developing region,3. Upper middle income,670,North America,Americas,Caribbean,Latin America & Caribbean
196,Sovereign country,Venezuela,VEN,Venezuela,Ven.,VE,Bolivarian Republic of Venezuela,"Venezuela, RB",26814843,357400,2001,5. Emerging region: G20,3. Upper middle income,862,South America,Americas,South America,Latin America & Caribbean
197,Dependency,British Virgin Islands,VGB,British Virgin Islands,V.I. (Br.),VG,British Virgin Islands,British Virgin Islands,24491,853.4,-99,2. Developed region: nonG7,1. High income: OECD,092,North America,Americas,Caribbean,Latin America & Caribbean
198,Dependency,United States Virgin Islands,VIR,United States Virgin Islands,V.I. (U.S.),VI,Virgin Islands of the United States,Virgin Islands (U.S.),109825,1577,2010,6. Developing region,2. High income: nonOECD,850,North America,Americas,Caribbean,Latin America & Caribbean
199,Sovereign country,Vietnam,VNM,Vietnam,Viet.,VN,Socialist Republic of Vietnam,Vietnam,86967524,241700,2009,5. Emerging region: G20,4. Lower middle income,704,Asia,Asia,South-Eastern Asia,East Asia & Pacific
200,Sovereign country,Vanuatu,VUT,Vanuatu,Van.,VU,Republic of Vanuatu,Vanuatu,218519,988.5,2009,7. Least developed region,4. Lower middle income,548,Oceania,Oceania,Melanesia,East Asia & Pacific
201,Sovereign country,Samoa,WSM,Samoa,Samoa,WS,Independent State of Samoa,Samoa,219998,1049,2006,7. Least developed region,4. Lower middle income,882,Oceania,Oceania,Polynesia,East Asia & Pacific
202,Sovereign country,Yemen,YEM,Yemen,Yem.,YE,Republic of Yemen,"Yemen, Rep.",23822783,55280,2004,7. Least developed region,4. Lower middle income,887,Asia,Asia,Western Asia,Middle East & North Africa
203,Sovereign country,South Africa,ZAF,South Africa,S.Af.,ZA,Republic of South Africa,South Africa,49052489,491000,2001,5. Emerging region: G20,3. Upper middle income,710,Africa,Africa,Southern Africa,Sub-Saharan Africa
204,Sovereign country,Zambia,ZMB,Zambia,Zambia,ZM,Republic of Zambia,Zambia,11862740,17500,2010,7. Least developed region,4. Lower middle income,894,Africa,Africa,Eastern Africa,Sub-Saharan Africa
205,Sovereign country,Zimbabwe,ZWE,Zimbabwe,Zimb.,ZW,Republic of Zimbabwe,Zimbabwe,12619600,9323,2002,5. Emerging region: G20,5. Low income,716,Africa,Africa,Eastern Africa,Sub-Saharan Africa
